,Max_attempts,RHC,SA,GA
0,1,0.8685930829997233,1.9568966670003647,3.309625416999552
1,5,12.338534791999791,19.960453000000598,14.654742916000032
2,10,197.41445162499986,18.937802624999676,24.22465345799992
3,15,479.9132156249998,19.76194279200081,60.81108670799949
4,20,543.2704136670009,20.67739524999979,59.303436999999576
